"id","community","color"
"85214130018",1,"#61DCA9"
"85213705399",1,"#61DCA9"
"85213504854",2,"#9B7424"
"85211778719",3,"#8C0172"
"85209758913",1,"#61DCA9"
"85209402709",3,"#8C0172"
"85209361869",2,"#9B7424"
"85209128431",3,"#8C0172"
"85208752586",1,"#61DCA9"
"85208125867",1,"#61DCA9"
"85204893704",1,"#61DCA9"
"85204633737",1,"#61DCA9"
"85203453002",1,"#61DCA9"
"85203324231",2,"#9B7424"
"85203322945",1,"#61DCA9"
"85203308081",1,"#61DCA9"
"85202899987",1,"#61DCA9"
"85202846213",1,"#61DCA9"
"85202177443",1,"#61DCA9"
"85201530993",1,"#61DCA9"
"85200481443",1,"#61DCA9"
"85200373588",1,"#61DCA9"
"85198665817",1,"#61DCA9"
"85198659246",1,"#61DCA9"
"85197306706",2,"#9B7424"
"85196525603",2,"#9B7424"
"85196271307",2,"#9B7424"
"85191055908",1,"#61DCA9"
"85190291230",1,"#61DCA9"
"85188618820",1,"#61DCA9"
"85187946002",2,"#9B7424"
"85187887691",1,"#61DCA9"
"85187477814",1,"#61DCA9"
"85185335440",1,"#61DCA9"
"85185128859",1,"#61DCA9"
"85185098363",1,"#61DCA9"
"85180842998",4,"#944046"
"85179933212",2,"#9B7424"
"85175977807",1,"#61DCA9"
"85174699756",1,"#61DCA9"
"85174411282",2,"#9B7424"
"85173918029",1,"#61DCA9"
"85173720646",2,"#9B7424"
"85173585562",1,"#61DCA9"
"85173577336",2,"#9B7424"
"85172404913",1,"#61DCA9"
"85172133616",1,"#61DCA9"
"85171997214",3,"#8C0172"
"85171379023",3,"#8C0172"
"85171351589",2,"#9B7424"
"85170382528",2,"#9B7424"
"85169161665",4,"#944046"
"85168610871",3,"#8C0172"
"85168374912",1,"#61DCA9"
"85168368677",1,"#61DCA9"
"85168351250",1,"#61DCA9"
"85167519529",1,"#61DCA9"
"85167517132",1,"#61DCA9"
"85167515184",2,"#9B7424"
"85163717490",1,"#61DCA9"
"85162668259",1,"#61DCA9"
"85161928847",1,"#61DCA9"
"85161019109",3,"#8C0172"
"85160074138",1,"#61DCA9"
"85154048019",1,"#61DCA9"
"85153273441",2,"#9B7424"
"85152710489",1,"#61DCA9"
"85151356221",1,"#61DCA9"
"85150898934",1,"#61DCA9"
"85150169586",2,"#9B7424"
"85149987016",2,"#9B7424"
"85149945227",2,"#9B7424"
"85149840457",1,"#61DCA9"
"85148711199",1,"#61DCA9"
"85148415433",5,"#8EB63B"
"85147952904",1,"#61DCA9"
"85147565637",1,"#61DCA9"
"85146808590",2,"#9B7424"
"85146504858",2,"#9B7424"
"85145199575",3,"#8C0172"
"85144215251",2,"#9B7424"
"85144227535",2,"#9B7424"
"85143539147",3,"#8C0172"
"85143507418",1,"#61DCA9"
"85143439759",1,"#61DCA9"
"85141806733",2,"#9B7424"
"85141804963",1,"#61DCA9"
"85141769070",1,"#61DCA9"
"85141747607",2,"#9B7424"
"85141624420",2,"#9B7424"
"85141475802",2,"#9B7424"
"85141427770",1,"#61DCA9"
"85140789121",3,"#8C0172"
"85138311591",2,"#9B7424"
"85138308192",1,"#61DCA9"
"85138247062",3,"#8C0172"
"85137996518",1,"#61DCA9"
"85137995799",1,"#61DCA9"
"85137601505",2,"#9B7424"
"85136622450",1,"#61DCA9"
"85135487297",2,"#9B7424"
"85135112436",2,"#9B7424"
"85134511114",2,"#9B7424"
"85134361564",1,"#61DCA9"
"85133673151",1,"#61DCA9"
"85133326638",2,"#9B7424"
"85133307547",2,"#9B7424"
"85133129048",2,"#9B7424"
"85133032523",2,"#9B7424"
"85132896462",1,"#61DCA9"
"85132842492",1,"#61DCA9"
"85132831108",1,"#61DCA9"
"85132559271",1,"#61DCA9"
"85132159267",2,"#9B7424"
"85132110622",1,"#61DCA9"
"85131818216",2,"#9B7424"
"85131376637",2,"#9B7424"
"85130756926",1,"#61DCA9"
"85129972828",3,"#8C0172"
"85128333584",1,"#61DCA9"
"85127719765",5,"#8EB63B"
"85127536039",1,"#61DCA9"
"85127477810",1,"#61DCA9"
"85127278929",1,"#61DCA9"
"85126356679",1,"#61DCA9"
"85126267813",2,"#9B7424"
"85126007780",1,"#61DCA9"
"85125304775",3,"#8C0172"
"85125292291",2,"#9B7424"
"85124817964",2,"#9B7424"
"85124459242",1,"#61DCA9"
"85122200267",1,"#61DCA9"
"85121483905",1,"#61DCA9"
"85120997987",1,"#61DCA9"
"85119993425",2,"#9B7424"
"85119877723",2,"#9B7424"
"85119085736",4,"#944046"
"85118704940",2,"#9B7424"
"85118592320",2,"#9B7424"
"85117301846",2,"#9B7424"
"85115197018",1,"#61DCA9"
"85115157210",2,"#9B7424"
"85115131051",2,"#9B7424"
"85114940268",2,"#9B7424"
"85114815869",1,"#61DCA9"
"85114448730",2,"#9B7424"
"85114032436",2,"#9B7424"
"85113750462",2,"#9B7424"
"85113172898",2,"#9B7424"
"85111922146",2,"#9B7424"
"85111288718",1,"#61DCA9"
"85110846664",1,"#61DCA9"
"85110370480",2,"#9B7424"
"85108867981",1,"#61DCA9"
"85107916046",1,"#61DCA9"
"85107385606",1,"#61DCA9"
"85107152391",1,"#61DCA9"
"85107115196",2,"#9B7424"
"85106691690",1,"#61DCA9"
"85106300201",1,"#61DCA9"
"85105214303",2,"#9B7424"
"85106048401",2,"#9B7424"
"85104024907",2,"#9B7424"
"85103825899",2,"#9B7424"
"85103394923",1,"#61DCA9"
"85103302503",3,"#8C0172"
"85102942639",2,"#9B7424"
"85102688758",2,"#9B7424"
"85102684760",2,"#9B7424"
"85102087347",2,"#9B7424"
"85102034585",1,"#61DCA9"
"85101883338",1,"#61DCA9"
"85101714675",2,"#9B7424"
"85101713822",1,"#61DCA9"
"85101400027",2,"#9B7424"
"85101343767",1,"#61DCA9"
"85101190456",2,"#9B7424"
"85100975106",2,"#9B7424"
"85100948501",2,"#9B7424"
"85100867748",1,"#61DCA9"
"85099337484",1,"#61DCA9"
"85099179246",3,"#8C0172"
"85099104268",1,"#61DCA9"
"85097485581",1,"#61DCA9"
"85097242473",1,"#61DCA9"
"85097160780",1,"#61DCA9"
"85092295788",1,"#61DCA9"
"85091969654",5,"#8EB63B"
"85091721310",1,"#61DCA9"
"85091221160",2,"#9B7424"
"85091094022",3,"#8C0172"
"85091030325",1,"#61DCA9"
"85090275269",2,"#9B7424"
"85089818475",2,"#9B7424"
"85089801517",1,"#61DCA9"
"85089795123",2,"#9B7424"
"85089030663",1,"#61DCA9"
"85088807635",3,"#8C0172"
"85088628878",2,"#9B7424"
"85088588411",1,"#61DCA9"
"85087819455",2,"#9B7424"
"85087387220",1,"#61DCA9"
"85087347345",2,"#9B7424"
"85087007722",1,"#61DCA9"
"85086841211",2,"#9B7424"
"85085989180",1,"#61DCA9"
"85084812161",2,"#9B7424"
"85084479260",1,"#61DCA9"
"85084278967",2,"#9B7424"
"85083961820",2,"#9B7424"
"85083806591",1,"#61DCA9"
"85083767081",3,"#8C0172"
"85083547232",2,"#9B7424"
"85081584397",1,"#61DCA9"
"85079490597",4,"#944046"
"85079459168",2,"#9B7424"
"85079185021",5,"#8EB63B"
"85079142733",4,"#944046"
"85079140023",1,"#61DCA9"
"85079079876",3,"#8C0172"
"85078306435",1,"#61DCA9"
"85078304786",1,"#61DCA9"
"85078187543",1,"#61DCA9"
"85077612989",1,"#61DCA9"
"85077606620",2,"#9B7424"
"85077592730",1,"#61DCA9"
"85077585730",2,"#9B7424"
"85077581046",2,"#9B7424"
"85077531536",2,"#9B7424"
"85077520239",2,"#9B7424"
"85077258227",2,"#9B7424"
"85076915332",3,"#8C0172"
"85076908028",4,"#944046"
"85076902555",3,"#8C0172"
"85076476726",2,"#9B7424"
"85076322647",2,"#9B7424"
"85075674529",1,"#61DCA9"
"85075579857",4,"#944046"
"85075548534",2,"#9B7424"
"85075398911",1,"#61DCA9"
"85075187820",5,"#8EB63B"
"85075184881",2,"#9B7424"
"85075175983",4,"#944046"
"85074666192",2,"#9B7424"
"85074370448",1,"#61DCA9"
"85074214835",3,"#8C0172"
"85073428878",4,"#944046"
"85073211117",1,"#61DCA9"
"85073200997",3,"#8C0172"
"85072964608",4,"#944046"
"85072916124",1,"#61DCA9"
"85071942306",2,"#9B7424"
"85071613487",1,"#61DCA9"
"85071052779",3,"#8C0172"
"85070208481",2,"#9B7424"
"85070099064",1,"#61DCA9"
"85069999312",3,"#8C0172"
"85068797063",1,"#61DCA9"
"85074730859",1,"#61DCA9"
"85067349411",1,"#61DCA9"
"85067205049",1,"#61DCA9"
"85066935613",1,"#61DCA9"
"85064939809",1,"#61DCA9"
"85064916051",2,"#9B7424"
"85064335368",1,"#61DCA9"
"85063996010",3,"#8C0172"
"85063971486",1,"#61DCA9"
"85063965625",3,"#8C0172"
"85063962479",3,"#8C0172"
"85063953271",1,"#61DCA9"
"85063946420",1,"#61DCA9"
"85063945304",1,"#61DCA9"
"85063944816",1,"#61DCA9"
"85063936227",3,"#8C0172"
"85063328329",1,"#61DCA9"
"85063139145",1,"#61DCA9"
"85063057345",1,"#61DCA9"
"85063010472",1,"#61DCA9"
"85062990087",1,"#61DCA9"
"85061506990",6,"#B2F2FD"
"85061482570",6,"#B2F2FD"
"85061399208",6,"#B2F2FD"
"85061384943",1,"#61DCA9"
"85061354714",6,"#B2F2FD"
"85061329037",6,"#B2F2FD"
"85061314165",1,"#61DCA9"
"85060940536",1,"#61DCA9"
"85060163355",1,"#61DCA9"
"85059538309",1,"#61DCA9"
"85059532194",2,"#9B7424"
"85059526502",6,"#B2F2FD"
"85059478275",1,"#61DCA9"
"85058054138",1,"#61DCA9"
"85057842822",2,"#9B7424"
"85057182383",2,"#9B7424"
"85056989037",1,"#61DCA9"
"85056465915",1,"#61DCA9"
"85056458870",1,"#61DCA9"
"85056073021",3,"#8C0172"
"85055417856",3,"#8C0172"
"85054666376",2,"#9B7424"
"85054124802",2,"#9B7424"
"85053532447",2,"#9B7424"
"85052926994",3,"#8C0172"
"85052845234",1,"#61DCA9"
"85052810372",3,"#8C0172"
"85066800862",2,"#9B7424"
"85052716082",1,"#61DCA9"
"85052392489",1,"#61DCA9"
"85049745086",1,"#61DCA9"
"85049505826",2,"#9B7424"
"85048307848",1,"#61DCA9"
"85047892799",1,"#61DCA9"
"85047270054",1,"#61DCA9"
"85046876461",1,"#61DCA9"
"85046829157",2,"#9B7424"
"85046482301",1,"#61DCA9"
"85046404029",1,"#61DCA9"
"85046299781",1,"#61DCA9"
"85045390885",3,"#8C0172"
"85045302709",3,"#8C0172"
"85044932406",1,"#61DCA9"
"85044839977",1,"#61DCA9"
"85044662276",1,"#61DCA9"
"85044638851",3,"#8C0172"
"85044324240",3,"#8C0172"
"85044298314",3,"#8C0172"
"85044280793",1,"#61DCA9"
"85044247870",1,"#61DCA9"
"85044231512",3,"#8C0172"
"85044220837",2,"#9B7424"
"85044174222",3,"#8C0172"
"85054414358",2,"#9B7424"
"85054409887",1,"#61DCA9"
"85054408996",1,"#61DCA9"
"85054408906",1,"#61DCA9"
"85054400134",1,"#61DCA9"
"85054396819",1,"#61DCA9"
"85054388328",1,"#61DCA9"
"85054365513",1,"#61DCA9"
"85054283323",2,"#9B7424"
"85054281047",1,"#61DCA9"
"85054278741",3,"#8C0172"
"85054277593",2,"#9B7424"
"85054270334",1,"#61DCA9"
"85054267415",3,"#8C0172"
"85054267281",1,"#61DCA9"
"85054257056",3,"#8C0172"
"85054248717",2,"#9B7424"
"85054233830",1,"#61DCA9"
"85054226406",2,"#9B7424"
"85054214175",1,"#61DCA9"
"85054206903",2,"#9B7424"
"85054206245",1,"#61DCA9"
"85054202658",1,"#61DCA9"
"85054201243",3,"#8C0172"
"85054198866",1,"#61DCA9"
"85034772877",1,"#61DCA9"
"85025812736",1,"#61DCA9"
"85025097527",1,"#61DCA9"
"85024481455",2,"#9B7424"
"85023755932",1,"#61DCA9"
"85021265597",1,"#61DCA9"
"85019881824",1,"#61DCA9"
"85021128240",3,"#8C0172"
"85020510811",1,"#61DCA9"
"85020270432",1,"#61DCA9"
"85020136109",4,"#944046"
"85017427199",2,"#9B7424"
"85017421036",1,"#61DCA9"
"85015875113",1,"#61DCA9"
"85015624691",2,"#9B7424"
"85015621645",1,"#61DCA9"
"85014574468",2,"#9B7424"
"85013040934",2,"#9B7424"
"85013035945",1,"#61DCA9"
"85011888111",2,"#9B7424"
"85011634359",2,"#9B7424"
"85010951410",2,"#9B7424"
"85010799406",1,"#61DCA9"
"85006835192",1,"#61DCA9"
"85006791309",3,"#8C0172"
"85001874153",1,"#61DCA9"
"85001686844",1,"#61DCA9"
"85000916551",1,"#61DCA9"
"84997050438",1,"#61DCA9"
"84992364798",1,"#61DCA9"
"84992166479",1,"#61DCA9"
"85008193467",1,"#61DCA9"
"84994091688",1,"#61DCA9"
"84991080712",1,"#61DCA9"
"84988691026",1,"#61DCA9"
"84988369390",1,"#61DCA9"
"84986305513",1,"#61DCA9"
"84982182231",1,"#61DCA9"
"84995814994",1,"#61DCA9"
"84995802964",1,"#61DCA9"
"84995791066",1,"#61DCA9"
"84992413268",1,"#61DCA9"
"84992317226",4,"#944046"
"84992316886",3,"#8C0172"
"84991810796",1,"#61DCA9"
"84991759029",1,"#61DCA9"
"84991054888",1,"#61DCA9"
"84982965895",3,"#8C0172"
"84976637566",1,"#61DCA9"
"84976474831",2,"#9B7424"
"84975225120",1,"#61DCA9"
"84974827884",1,"#61DCA9"
"84968658930",1,"#61DCA9"
"84961654835",1,"#61DCA9"
"84970046734",1,"#61DCA9"
"84966705283",1,"#61DCA9"
"84966694389",2,"#9B7424"
"84966664062",2,"#9B7424"
"84966320688",2,"#9B7424"
"84964527111",1,"#61DCA9"
"84961837406",1,"#61DCA9"
"84961784292",1,"#61DCA9"
"84961590331",1,"#61DCA9"
"84959363735",1,"#61DCA9"
"84955598443",1,"#61DCA9"
"84941350773",1,"#61DCA9"
"84938813679",3,"#8C0172"
"84930358047",2,"#9B7424"
"84959554523",1,"#61DCA9"
"84959547655",1,"#61DCA9"
"84959516586",1,"#61DCA9"
"84959504970",1,"#61DCA9"
"84959490607",1,"#61DCA9"
"84959483342",2,"#9B7424"
"84959474703",4,"#944046"
"84957725921",1,"#61DCA9"
"84957725785",1,"#61DCA9"
"84957725774",1,"#61DCA9"
"84957725633",4,"#944046"
"84957725375",1,"#61DCA9"
"84957725261",1,"#61DCA9"
"84957725130",5,"#8EB63B"
"84957724912",1,"#61DCA9"
"84943457110",3,"#8C0172"
"84943456174",3,"#8C0172"
"84943456091",2,"#9B7424"
"84943454291",3,"#8C0172"
"84943452991",2,"#9B7424"
"84943451514",1,"#61DCA9"
"84943451435",3,"#8C0172"
"84943450178",1,"#61DCA9"
"84940602448",1,"#61DCA9"
"84940593690",1,"#61DCA9"
"84940584634",3,"#8C0172"
"84940581687",1,"#61DCA9"
"84940576759",1,"#61DCA9"
"84940574326",2,"#9B7424"
"84940573412",1,"#61DCA9"
"84940544975",1,"#61DCA9"
"84930766361",1,"#61DCA9"
"84930763041",1,"#61DCA9"
"84930762537",1,"#61DCA9"
"84930759457",1,"#61DCA9"
"84930757100",3,"#8C0172"
"84930756229",1,"#61DCA9"
"84930752275",1,"#61DCA9"
"84929710416",1,"#61DCA9"
"84929710377",1,"#61DCA9"
"84929704613",2,"#9B7424"
"84929703341",1,"#61DCA9"
"84929702642",1,"#61DCA9"
"84929701859",2,"#9B7424"
"84939879159",4,"#944046"
"84925506180",2,"#9B7424"
"84925461572",1,"#61DCA9"
"84924813419",1,"#61DCA9"
"84889785279",2,"#9B7424"
"84943589236",2,"#9B7424"
"84943588885",1,"#61DCA9"
"84943588644",3,"#8C0172"
"84939897665",2,"#9B7424"
"84939882861",1,"#61DCA9"
"84922004387",1,"#61DCA9"
"84922004241",1,"#61DCA9"
"84911006748",1,"#61DCA9"
"84911006514",2,"#9B7424"
"84911005757",3,"#8C0172"
"84911003640",1,"#61DCA9"
"84911001630",5,"#8EB63B"
"85192643233",1,"#61DCA9"
"85192640037",1,"#61DCA9"
"85192627982",1,"#61DCA9"
"85192624303",1,"#61DCA9"
"85192618273",1,"#61DCA9"
"85192614934",1,"#61DCA9"
"85192614446",1,"#61DCA9"
"85192611891",1,"#61DCA9"
"85192579677",1,"#61DCA9"
"85160193201",1,"#61DCA9"
"85138499878",1,"#61DCA9"
"85045905514",1,"#61DCA9"
"85014873049",1,"#61DCA9"
"85014841587",1,"#61DCA9"
"84905753179",1,"#61DCA9"
"84905726335",1,"#61DCA9"
"84905725620",1,"#61DCA9"
"84905724890",1,"#61DCA9"
"84905724535",1,"#61DCA9"
"84905722619",2,"#9B7424"
"84905719272",1,"#61DCA9"
"84903213919",1,"#61DCA9"
"84903199642",1,"#61DCA9"
"84903180552",1,"#61DCA9"
"84903154838",1,"#61DCA9"
"84903142285",1,"#61DCA9"
"84903138886",1,"#61DCA9"
"84903123406",1,"#61DCA9"
"84899451016",2,"#9B7424"
"84899450130",4,"#944046"
"84899438715",2,"#9B7424"
"84899431037",1,"#61DCA9"
"84899430682",2,"#9B7424"
"84899412259",1,"#61DCA9"
"84899410832",1,"#61DCA9"
"84895895074",1,"#61DCA9"
"84895891267",1,"#61DCA9"
"84895890785",1,"#61DCA9"
"84895890750",1,"#61DCA9"
"84895890420",1,"#61DCA9"
"84895886489",1,"#61DCA9"
"84895880446",1,"#61DCA9"
"84895879583",1,"#61DCA9"
"84895877153",1,"#61DCA9"
"84895872768",1,"#61DCA9"
"84895869305",1,"#61DCA9"
"84895862905",1,"#61DCA9"
"84895861483",1,"#61DCA9"
"84892897093",1,"#61DCA9"
"84892882078",1,"#61DCA9"
"84892880478",1,"#61DCA9"
"84892877678",1,"#61DCA9"
"84892859587",2,"#9B7424"
"84892857148",1,"#61DCA9"
"84892840546",1,"#61DCA9"
"84885870456",1,"#61DCA9"
"84885854167",1,"#61DCA9"
"84885850684",1,"#61DCA9"
"84885850344",1,"#61DCA9"
"84885841979",1,"#61DCA9"
"84885834859",2,"#9B7424"
"84881617344",1,"#61DCA9"
"84881615575",4,"#944046"
"84881615462",1,"#61DCA9"
"84881613136",1,"#61DCA9"
"84881612361",1,"#61DCA9"
"84881611987",3,"#8C0172"
"84881611794",4,"#944046"
"84881609463",4,"#944046"
"84879319700",1,"#61DCA9"
"84879310997",1,"#61DCA9"
"84878950039",1,"#61DCA9"
"84878949728",1,"#61DCA9"
"84878948726",2,"#9B7424"
"84878927906",2,"#9B7424"
"84878925000",1,"#61DCA9"
"84878908555",2,"#9B7424"
"84875401167",1,"#61DCA9"
"84875400389",1,"#61DCA9"
"84875397193",2,"#9B7424"
"84875393501",1,"#61DCA9"
"84875390004",1,"#61DCA9"
"84875389628",1,"#61DCA9"
"84875386606",2,"#9B7424"
"84874578582",1,"#61DCA9"
"84874576336",3,"#8C0172"
"84874573590",3,"#8C0172"
"84874572816",3,"#8C0172"
"84874566601",1,"#61DCA9"
"84874564754",1,"#61DCA9"
"84874564291",1,"#61DCA9"
"84874563834",3,"#8C0172"
"84874560078",3,"#8C0172"
"84874557284",3,"#8C0172"
"84874557160",1,"#61DCA9"
"84874555810",1,"#61DCA9"
"84872966937",4,"#944046"
"84872961579",1,"#61DCA9"
"84872955690",1,"#61DCA9"
"84872946696",2,"#9B7424"
"84872922873",1,"#61DCA9"
"84872916259",1,"#61DCA9"
"84872898990",1,"#61DCA9"
"84872896950",1,"#61DCA9"
"84867902454",1,"#61DCA9"
"84867901839",1,"#61DCA9"
"84867901279",1,"#61DCA9"
"84867901172",1,"#61DCA9"
"84867901100",3,"#8C0172"
"84867900780",4,"#944046"
"84867899496",1,"#61DCA9"
"84867896105",1,"#61DCA9"
"84865441316",1,"#61DCA9"
"84865437462",1,"#61DCA9"
"84865437260",1,"#61DCA9"
"84865429399",2,"#9B7424"
"84865416183",1,"#61DCA9"
"84865414399",3,"#8C0172"
"84865409690",2,"#9B7424"
"84865409195",2,"#9B7424"
"84865403458",1,"#61DCA9"
"84861788566",1,"#61DCA9"
"84861788011",1,"#61DCA9"
"84861787709",1,"#61DCA9"
"84861785965",1,"#61DCA9"
"84861778972",3,"#8C0172"
"84861777322",1,"#61DCA9"
"84861774803",2,"#9B7424"
"84859783183",1,"#61DCA9"
"84859777706",2,"#9B7424"
"84859761845",3,"#8C0172"
"84859754196",1,"#61DCA9"
"84859750525",1,"#61DCA9"
"84859740028",2,"#9B7424"
"84856753739",1,"#61DCA9"
"84856719617",2,"#9B7424"
"84856714706",2,"#9B7424"
"84856710163",1,"#61DCA9"
"84856704507",3,"#8C0172"
"84856698585",2,"#9B7424"
"81855226137",1,"#61DCA9"
"81855221785",1,"#61DCA9"
"81855213118",4,"#944046"
"81855206138",4,"#944046"
"81855193999",1,"#61DCA9"
"81855185300",1,"#61DCA9"
"81855174489",2,"#9B7424"
"81255171443",1,"#61DCA9"
"81255168246",1,"#61DCA9"
"81255168205",1,"#61DCA9"
"81255161002",1,"#61DCA9"
"81255159139",1,"#61DCA9"
"81255149537",1,"#61DCA9"
"81255137020",3,"#8C0172"
"79960330714",1,"#61DCA9"
"79960327944",1,"#61DCA9"
"79960322111",1,"#61DCA9"
"79960319406",2,"#9B7424"
"79960316981",1,"#61DCA9"
"79960307828",1,"#61DCA9"
"79960303682",1,"#61DCA9"
"79960292397",1,"#61DCA9"
"79960290978",1,"#61DCA9"
"79958017285",1,"#61DCA9"
"79958014721",1,"#61DCA9"
"79958002622",1,"#61DCA9"
"79957995535",2,"#9B7424"
"79957992696",1,"#61DCA9"
"79957992453",2,"#9B7424"
"79957985341",1,"#61DCA9"
"79957971956",1,"#61DCA9"
"79956336721",1,"#61DCA9"
"79956334584",1,"#61DCA9"
"79956328134",1,"#61DCA9"
"79956323401",1,"#61DCA9"
"79956312952",1,"#61DCA9"
"79956307807",1,"#61DCA9"
"79956301084",2,"#9B7424"
"79956293508",2,"#9B7424"
"79955864873",1,"#61DCA9"
"79955857996",4,"#944046"
"79955840134",4,"#944046"
"79955827664",1,"#61DCA9"
"79955820374",1,"#61DCA9"
"79955816427",4,"#944046"
"79955800384",2,"#9B7424"
"79955795564",1,"#61DCA9"
"79955793776",1,"#61DCA9"
"78650308853",2,"#9B7424"
"78650308851",1,"#61DCA9"
"78650307074",2,"#9B7424"
"78650306137",1,"#61DCA9"
"78650305377",1,"#61DCA9"
"78650303373",1,"#61DCA9"
"78650141744",1,"#61DCA9"
"78650032014",1,"#61DCA9"
"78650028233",3,"#8C0172"
"78650023945",1,"#61DCA9"
"78650000809",1,"#61DCA9"
"78650000535",3,"#8C0172"
"78649990805",2,"#9B7424"
"78649990352",1,"#61DCA9"
"77955996790",3,"#8C0172"
"77956012769",1,"#61DCA9"
"77953028935",4,"#944046"
"77953026045",1,"#61DCA9"
"77953025944",1,"#61DCA9"
"77953025627",1,"#61DCA9"
"77953024253",1,"#61DCA9"
"77953023709",1,"#61DCA9"
"77956010719",3,"#8C0172"
"77956011420",3,"#8C0172"
"77956010582",3,"#8C0172"
"77956013078",1,"#61DCA9"
"77956012822",3,"#8C0172"
"77956010970",3,"#8C0172"
"77956247749",3,"#8C0172"
"77956237688",3,"#8C0172"
"77955410887",3,"#8C0172"
"77956011365",3,"#8C0172"
"77956012027",3,"#8C0172"
"77956011404",3,"#8C0172"
"77956010178",3,"#8C0172"
"78650683729",3,"#8C0172"
"78650715182",1,"#61DCA9"
"78650714967",2,"#9B7424"
"78650698720",1,"#61DCA9"
"78650686618",2,"#9B7424"
"77955054848",2,"#9B7424"
"77953023087",1,"#61DCA9"
"75849147337",3,"#8C0172"
"75849138282",2,"#9B7424"
"75849132921",1,"#61DCA9"
"75849130385",1,"#61DCA9"
"75849128577",1,"#61DCA9"
"76349125585",1,"#61DCA9"
"76349120195",2,"#9B7424"
"76349110782",3,"#8C0172"
"76349109039",1,"#61DCA9"
"76349098463",1,"#61DCA9"
"76349086934",1,"#61DCA9"
"76349085645",1,"#61DCA9"
"66749139580",1,"#61DCA9"
"68949098207",2,"#9B7424"
"68949107773",3,"#8C0172"
"68949116314",1,"#61DCA9"
"58649121060",3,"#8C0172"
"58649107378",1,"#61DCA9"
"68949122974",3,"#8C0172"
"60449102606",1,"#61DCA9"
"60449104230",1,"#61DCA9"
"84920903570",1,"#61DCA9"
"68949192602",3,"#8C0172"
"68949104380",1,"#61DCA9"
"68949088470",1,"#61DCA9"
"67349271306",1,"#61DCA9"
"67349186651",1,"#61DCA9"
"67349143450",2,"#9B7424"
"67349104171",2,"#9B7424"
"60449108056",1,"#61DCA9"
"60449097145",1,"#61DCA9"
"60449094731",1,"#61DCA9"
"60449093894",1,"#61DCA9"
"60449088084",1,"#61DCA9"
"60449085884",1,"#61DCA9"
"58849136682",1,"#61DCA9"
"58649119062",1,"#61DCA9"
"58649111055",1,"#61DCA9"
"58649108111",1,"#61DCA9"
"58649105788",1,"#61DCA9"
"58649088227",1,"#61DCA9"
"59849114894",1,"#61DCA9"
"59849100282",1,"#61DCA9"
"49049121461",1,"#61DCA9"
"49049116991",1,"#61DCA9"
"49049112269",1,"#61DCA9"
"49049106596",1,"#61DCA9"
"49049100496",1,"#61DCA9"
"49049099258",1,"#61DCA9"
"49049096755",1,"#61DCA9"
"59849125287",1,"#61DCA9"
"59849117630",1,"#61DCA9"
"59849117106",1,"#61DCA9"
"59849118242",1,"#61DCA9"
"43849111670",3,"#8C0172"
"43849110745",1,"#61DCA9"
"43849109622",1,"#61DCA9"
"43849103929",1,"#61DCA9"
"43849098735",1,"#61DCA9"
"43849097536",1,"#61DCA9"
"49049086907",2,"#9B7424"
"38649135393",1,"#61DCA9"
"38649132885",2,"#9B7424"
"38649122068",1,"#61DCA9"
"38649119458",1,"#61DCA9"
"38649117950",1,"#61DCA9"
"38649106160",1,"#61DCA9"
"38649105772",1,"#61DCA9"
"38649099085",1,"#61DCA9"
"38649087376",1,"#61DCA9"
"49049115161",3,"#8C0172"
"36448998142",1,"#61DCA9"
"36448981771",3,"#8C0172"
"36448976904",1,"#61DCA9"
"36448975822",1,"#61DCA9"
"36448974885",1,"#61DCA9"
"36448974165",2,"#9B7424"
"36448973440",1,"#61DCA9"
"36448958718",1,"#61DCA9"
"36448929783",1,"#61DCA9"
"35449001705",2,"#9B7424"
"35448998384",2,"#9B7424"
"35448990425",3,"#8C0172"
"35448971777",2,"#9B7424"
"35448959900",3,"#8C0172"
"35448930202",3,"#8C0172"
"34547635055",1,"#61DCA9"
"34547577771",1,"#61DCA9"
"34547570536",1,"#61DCA9"
"34547568748",2,"#9B7424"
"34547568431",1,"#61DCA9"
"34547562957",1,"#61DCA9"
"72549112644",1,"#61DCA9"
"72549103103",1,"#61DCA9"
"72549093839",1,"#61DCA9"
"72549087165",1,"#61DCA9"
"66949114200",1,"#61DCA9"
"48349142956",4,"#944046"
"48349100741",1,"#61DCA9"
"44349128925",4,"#944046"
"33847752960",1,"#61DCA9"
"34047190388",3,"#8C0172"
"34047176981",3,"#8C0172"
"34047168011",3,"#8C0172"
"34047164121",1,"#61DCA9"
"34047160520",1,"#61DCA9"
"34047155639",2,"#9B7424"
"34047109213",3,"#8C0172"
"34047093396",1,"#61DCA9"
"33947422116",1,"#61DCA9"
"33947377939",1,"#61DCA9"
"33947366468",1,"#61DCA9"
"33947366004",1,"#61DCA9"
"33947364833",1,"#61DCA9"
"33947360776",3,"#8C0172"
"33847240884",1,"#61DCA9"
"33847224124",1,"#61DCA9"
"33847211035",1,"#61DCA9"
"33847206747",1,"#61DCA9"
"33847202902",1,"#61DCA9"
"33847197123",1,"#61DCA9"
"33847191369",1,"#61DCA9"
"33847187366",1,"#61DCA9"
"34547824152",1,"#61DCA9"
"34547812009",1,"#61DCA9"
"34547757890",1,"#61DCA9"
"34547752362",1,"#61DCA9"
"34547745900",2,"#9B7424"
"34547738464",1,"#61DCA9"
"34547726666",1,"#61DCA9"
"33750214653",3,"#8C0172"
"33750121260",3,"#8C0172"
"33644768390",1,"#61DCA9"
"33644754775",1,"#61DCA9"
"33644753085",1,"#61DCA9"
"33644749535",1,"#61DCA9"
"33750120529",1,"#61DCA9"
"33746748241",1,"#61DCA9"
"33746740549",1,"#61DCA9"
"33746721595",1,"#61DCA9"
"33746717614",1,"#61DCA9"
"33746716317",2,"#9B7424"
"33746676987",3,"#8C0172"
"33644762203",2,"#9B7424"
"33645318413",2,"#9B7424"
"33645307947",1,"#61DCA9"
"33645298185",1,"#61DCA9"
"33645292568",1,"#61DCA9"
"33645288540",5,"#8EB63B"
"33645285262",1,"#61DCA9"
"33645280324",1,"#61DCA9"
"33644623599",3,"#8C0172"
"33644620710",1,"#61DCA9"
"33644599426",1,"#61DCA9"
"33644599124",1,"#61DCA9"
"33644598310",2,"#9B7424"
"33644594614",1,"#61DCA9"
"33644591120",1,"#61DCA9"
"33644588290",1,"#61DCA9"
"33644585163",1,"#61DCA9"
"33749449068",2,"#9B7424"
"33749448738",1,"#61DCA9"
"33749448015",1,"#61DCA9"
"33749444314",1,"#61DCA9"
"33749443894",1,"#61DCA9"
"33749443091",1,"#61DCA9"
"33749441180",2,"#9B7424"
"33749437894",1,"#61DCA9"
"33749436598",1,"#61DCA9"
"33749436118",1,"#61DCA9"
"33749430823",1,"#61DCA9"
"33749426911",1,"#61DCA9"
"33745281925",1,"#61DCA9"
"33745176781",3,"#8C0172"
"33645013760",1,"#61DCA9"
"33644785465",1,"#61DCA9"
"20444464310",3,"#8C0172"
"21444461057",1,"#61DCA9"
"21444454555",1,"#61DCA9"
"21444451575",1,"#61DCA9"
"21444451089",1,"#61DCA9"
"21444445373",1,"#61DCA9"
"21444442520",1,"#61DCA9"
"21444441212",2,"#9B7424"
"21444437978",3,"#8C0172"
"21444437821",3,"#8C0172"
"21444437671",1,"#61DCA9"
"21444433004",2,"#9B7424"
"26844562091",1,"#61DCA9"
"26844561306",1,"#61DCA9"
"26844515355",1,"#61DCA9"
"26844494981",1,"#61DCA9"
"26844469441",1,"#61DCA9"
"26844458019",1,"#61DCA9"
"26844447559",1,"#61DCA9"
"26844438911",1,"#61DCA9"
"2442611965",3,"#8C0172"
"14844332721",1,"#61DCA9"
"14844323141",1,"#61DCA9"
"14844322877",1,"#61DCA9"
"14844298746",1,"#61DCA9"
"4043133005",3,"#8C0172"
"4043125975",1,"#61DCA9"
"4043110493",1,"#61DCA9"
"4043090535",1,"#61DCA9"
"4043087644",3,"#8C0172"
"4043077681",4,"#944046"
"4043066341",1,"#61DCA9"
"4043055015",1,"#61DCA9"
"2442717400",3,"#8C0172"
"2442706284",4,"#944046"
"2442667491",1,"#61DCA9"
"2442656303",1,"#61DCA9"
"2442655033",1,"#61DCA9"
"2442642504",1,"#61DCA9"
"1542757281",1,"#61DCA9"
"1542757274",1,"#61DCA9"
"1542757267",1,"#61DCA9"
"1542751063",3,"#8C0172"
"1542651983",3,"#8C0172"
"1542651975",1,"#61DCA9"
"1542547081",1,"#61DCA9"
"1542442430",1,"#61DCA9"
"1542442364",3,"#8C0172"
"0348218216",3,"#8C0172"
"0348218215",1,"#61DCA9"
"0348162421",1,"#61DCA9"
"0346957436",1,"#61DCA9"
"0142135973",1,"#61DCA9"
"0142135968",1,"#61DCA9"
"0142104228",3,"#8C0172"
"0142104171",1,"#61DCA9"
"0142040713",1,"#61DCA9"
"0142031146",4,"#944046"
"0041302285",3,"#8C0172"
"0041302284",1,"#61DCA9"
"0038672865",1,"#61DCA9"
"0038269763",1,"#61DCA9"
"0038269759",3,"#8C0172"
"0037932465",1,"#61DCA9"
"0037932456",3,"#8C0172"
"0037932455",1,"#61DCA9"
"0037594519",1,"#61DCA9"
"0347588478",1,"#61DCA9"
"0041802927",1,"#61DCA9"
"0038661785",2,"#9B7424"
"0038323095",2,"#9B7424"
"0037985429",2,"#9B7424"
"0037985428",1,"#61DCA9"
"0037647565",1,"#61DCA9"
"0036877066",1,"#61DCA9"
"0036877065",1,"#61DCA9"
"0036876715",1,"#61DCA9"
"0036876684",3,"#8C0172"
"0036876324",2,"#9B7424"
"0036759545",1,"#61DCA9"
"0036759143",1,"#61DCA9"
"0036759017",1,"#61DCA9"
"0036758527",1,"#61DCA9"
"0036758520",1,"#61DCA9"
"0036084947",1,"#61DCA9"
"0036081748",3,"#8C0172"
"0036087650",1,"#61DCA9"
"0036084918",3,"#8C0172"
"0036084416",1,"#61DCA9"
"0036622994",3,"#8C0172"
"0036622868",1,"#61DCA9"
"0036622867",1,"#61DCA9"
"0036622760",1,"#61DCA9"
"0036622573",1,"#61DCA9"
"0036622566",3,"#8C0172"
"0036179932",5,"#8EB63B"
"0036179236",1,"#61DCA9"
"0036178273",1,"#61DCA9"
"0036176634",2,"#9B7424"
"0036758524",1,"#61DCA9"
"0042326329",1,"#61DCA9"
"0041825210",3,"#8C0172"
"0041324690",1,"#61DCA9"
"0038570662",4,"#944046"
"0013059351",2,"#9B7424"
"0012976586",1,"#61DCA9"
"0002459786",1,"#61DCA9"
"0001502291",1,"#61DCA9"
"0000013589",1,"#61DCA9"
"0034777508",1,"#61DCA9"
"0034777507",1,"#61DCA9"
"0034775936",1,"#61DCA9"
"0034772445",1,"#61DCA9"
"0034772386",1,"#61DCA9"
"0034772001",1,"#61DCA9"
"0035087182",1,"#61DCA9"
"0035085844",1,"#61DCA9"
"0035083655",1,"#61DCA9"
"0041825208",1,"#61DCA9"
"0035182911",1,"#61DCA9"
"0034771533",1,"#61DCA9"
"0006298729",2,"#9B7424"
"0034525638",1,"#61DCA9"
"0033775045",1,"#61DCA9"
"0033821797",1,"#61DCA9"
"0346477067",1,"#61DCA9"
"0345846195",3,"#8C0172"
"0343091568",1,"#61DCA9"
"0034127552",1,"#61DCA9"
"0034118025",1,"#61DCA9"
"0034072453",1,"#61DCA9"
"0034059222",1,"#61DCA9"
"0034032448",1,"#61DCA9"
"0008520455",2,"#9B7424"
"2342653076",1,"#61DCA9"
"2342569829",1,"#61DCA9"
"2342563941",3,"#8C0172"
"2342541916",3,"#8C0172"
"2342514284",1,"#61DCA9"
"0347838008",1,"#61DCA9"
"0347674235",1,"#61DCA9"
"0042891224",2,"#9B7424"
"0041869987",1,"#61DCA9"
"0039746429",3,"#8C0172"
"0038165273",3,"#8C0172"
"0038139866",1,"#61DCA9"
"0011203165",1,"#61DCA9"
"0010542950",1,"#61DCA9"
"0008203301",3,"#8C0172"
"0008169860",1,"#61DCA9"
"0008167766",1,"#61DCA9"
"0007215478",1,"#61DCA9"
"0007170653",1,"#61DCA9"
"0003048039",3,"#8C0172"
"0002996365",1,"#61DCA9"
"0002881218",1,"#61DCA9"
"0002415819",1,"#61DCA9"
"0001443530",1,"#61DCA9"
"0001187812",1,"#61DCA9"
"0000901666",4,"#944046"
"0000657119",1,"#61DCA9"
"0000212274",1,"#61DCA9"
"0000208961",1,"#61DCA9"
"3042571391",1,"#61DCA9"
"26944460846",1,"#61DCA9"
"26944433098",1,"#61DCA9"
"2342470915",1,"#61DCA9"
"2342466879",1,"#61DCA9"
"2342461187",1,"#61DCA9"
"0347351194",1,"#61DCA9"
"0043098011",1,"#61DCA9"
"0042067106",1,"#61DCA9"
"0031903686",1,"#61DCA9"
"0031878958",1,"#61DCA9"
"0031878510",1,"#61DCA9"
"0031870813",3,"#8C0172"
"0031864801",3,"#8C0172"
"0031811294",1,"#61DCA9"
"0031810803",1,"#61DCA9"
"0006678965",1,"#61DCA9"
"0005930422",3,"#8C0172"
"0002422969",1,"#61DCA9"
"0002351415",1,"#61DCA9"
"0001261424",3,"#8C0172"
"0000840686",1,"#61DCA9"
"0000627742",2,"#9B7424"
"0000390964",3,"#8C0172"
"2342635357",1,"#61DCA9"
"2342631455",1,"#61DCA9"
"2342617739",1,"#61DCA9"
"2342597315",1,"#61DCA9"
"2342577688",1,"#61DCA9"
"2342533991",1,"#61DCA9"
"2342461218",1,"#61DCA9"
"2342449427",1,"#61DCA9"
"0038214599",3,"#8C0172"
"0031461133",3,"#8C0172"
"0031458655",1,"#61DCA9"
"0031405303",1,"#61DCA9"
"0031393820",3,"#8C0172"
"0001459345",3,"#8C0172"
"0001188355",1,"#61DCA9"
"0000669191",1,"#61DCA9"
"85062755745",1,"#61DCA9"
"33747707588",1,"#61DCA9"
"2342655213",1,"#61DCA9"
"2342648223",1,"#61DCA9"
"0344195925",1,"#61DCA9"
"0344169788",1,"#61DCA9"
"0039372624",1,"#61DCA9"
"0037977002",3,"#8C0172"
"0008426375",1,"#61DCA9"
"0000055303",3,"#8C0172"
"34249755941",1,"#61DCA9"
"34249754976",1,"#61DCA9"
"0029505383",3,"#8C0172"
"0006975310",2,"#9B7424"
"0005904082",1,"#61DCA9"
"34249757348",1,"#61DCA9"
"34249756478",1,"#61DCA9"
"0038438056",1,"#61DCA9"
"0029544048",3,"#8C0172"
"0000029284",1,"#61DCA9"
"34249756628",3,"#8C0172"
"0029502956",3,"#8C0172"
"0000674133",3,"#8C0172"
"0000331570",3,"#8C0172"
"34249757271",1,"#61DCA9"
"0346763529",2,"#9B7424"
"0346446730",1,"#61DCA9"
"0012834518",2,"#9B7424"
"0005966007",1,"#61DCA9"
"34249842799",1,"#61DCA9"
"34249837295",3,"#8C0172"
"34249833693",1,"#61DCA9"
"24944563539",1,"#61DCA9"
"0027011080",1,"#61DCA9"
"0013168112",1,"#61DCA9"
"0008184144",1,"#61DCA9"
"0001170556",3,"#8C0172"
"34249837221",3,"#8C0172"
"34249833607",1,"#61DCA9"
"0027040392",3,"#8C0172"
"0006085121",1,"#61DCA9"
"0002084222",3,"#8C0172"
"0001500542",1,"#61DCA9"
"34249841469",1,"#61DCA9"
"34249839722",1,"#61DCA9"
"34249834214",1,"#61DCA9"
"34249834091",1,"#61DCA9"
"34249833796",3,"#8C0172"
"34249832822",1,"#61DCA9"
"2342626439",1,"#61DCA9"
"0027046806",1,"#61DCA9"
"0000043856",3,"#8C0172"
"34249840129",1,"#61DCA9"
"34249832445",1,"#61DCA9"
"34249830795",2,"#9B7424"
"1842524446",1,"#61DCA9"
"0039211419",1,"#61DCA9"
"0027095487",1,"#61DCA9"
"0027091649",1,"#61DCA9"
"0027037337",1,"#61DCA9"
"0011978401",3,"#8C0172"
"3643089876",3,"#8C0172"
"34249924122",1,"#61DCA9"
"34249921918",1,"#61DCA9"
"34249921093",1,"#61DCA9"
"0345956908",1,"#61DCA9"
"0345762377",1,"#61DCA9"
"0026351731",3,"#8C0172"
"0000906715",3,"#8C0172"
"34249927533",1,"#61DCA9"
"34249918887",3,"#8C0172"
"0040573567",4,"#944046"
"0037997215",3,"#8C0172"
"0026282843",5,"#8EB63B"
"0026292055",1,"#61DCA9"
"0001825857",1,"#61DCA9"
"84951650605",3,"#8C0172"
"84951604643",3,"#8C0172"
"84894743769",1,"#61DCA9"
"79955297885",1,"#61DCA9"
"2342458156",3,"#8C0172"
"0026307397",1,"#61DCA9"
"0026289783",1,"#61DCA9"
"34249958152",1,"#61DCA9"
"34249953053",3,"#8C0172"
"0343772149",1,"#61DCA9"
"0042865393",4,"#944046"
"0025659652",2,"#9B7424"
"0005961096",5,"#8EB63B"
"0003278839",3,"#8C0172"
"0003027173",3,"#8C0172"
"2342483676",1,"#61DCA9"
"0039911947",1,"#61DCA9"
"0011971527",3,"#8C0172"
"0011635172",3,"#8C0172"
"34249959669",3,"#8C0172"
"2442592555",3,"#8C0172"
"0025671174",1,"#61DCA9"
"0010271036",1,"#61DCA9"
"0002280934",3,"#8C0172"
"0001011877",1,"#61DCA9"
"0000034997",3,"#8C0172"
"34249975042",1,"#61DCA9"
"34249967236",1,"#61DCA9"
"0024944575",1,"#61DCA9"
"0024903221",1,"#61DCA9"
"0024887231",1,"#61DCA9"
"0000782648",1,"#61DCA9"
"77951503445",1,"#61DCA9"
"33745571752",1,"#61DCA9"
"84951601209",3,"#8C0172"
"84936371905",1,"#61DCA9"
"84936327500",1,"#61DCA9"
"34249969339",3,"#8C0172"
"34249968657",1,"#61DCA9"
"34249966666",3,"#8C0172"
"34249965363",1,"#61DCA9"
"33750269572",1,"#61DCA9"
"2642627096",3,"#8C0172"
"24644450422",3,"#8C0172"
"2342534905",1,"#61DCA9"
"0037977003",3,"#8C0172"
"0024887225",1,"#61DCA9"
"0024873017",3,"#8C0172"
"0011011157",1,"#61DCA9"
"34250090810",3,"#8C0172"
"0024184957",5,"#8EB63B"
"0024182737",3,"#8C0172"
"34250088248",2,"#9B7424"
"24944578810",1,"#61DCA9"
"2342525128",3,"#8C0172"
"2342493069",1,"#61DCA9"
"0042031936",1,"#61DCA9"
"34250094627",3,"#8C0172"
"33645551912",3,"#8C0172"
"0347771912",3,"#8C0172"
"0347218176",1,"#61DCA9"
"0345932734",1,"#61DCA9"
"0038214593",3,"#8C0172"
"0002125554",1,"#61DCA9"
"34250108517",1,"#61DCA9"
"34250099487",3,"#8C0172"
"0343987947",3,"#8C0172"
"0042364353",1,"#61DCA9"
"0042031915",1,"#61DCA9"
"0000967774",3,"#8C0172"
"0000532468",3,"#8C0172"
"34250109610",1,"#61DCA9"
"34250108287",3,"#8C0172"
"34250102060",1,"#61DCA9"
"0344169790",3,"#8C0172"
"0039476420",1,"#61DCA9"
"0009311266",1,"#61DCA9"
"0001911606",3,"#8C0172"
"0000308539",3,"#8C0172"
"0000731781",3,"#8C0172"
"34250106651",1,"#61DCA9"
"34250105543",1,"#61DCA9"
"34250100664",3,"#8C0172"
"0346473705",1,"#61DCA9"
"34250127547",1,"#61DCA9"
"34250124688",3,"#8C0172"
"34250123901",1,"#61DCA9"
"0343336287",1,"#61DCA9"
"34250131540",1,"#61DCA9"
"0039980684",1,"#61DCA9"
"5744243522",1,"#61DCA9"
"2342575522",1,"#61DCA9"
"12844262124",1,"#61DCA9"
"0038057030",1,"#61DCA9"
"0002120056",1,"#61DCA9"
"34250130056",1,"#61DCA9"
"34250127827",1,"#61DCA9"
"0001970957",3,"#8C0172"
"34250121819",1,"#61DCA9"
"0006969395",4,"#944046"
"0003721795",5,"#8EB63B"
"0003581326",4,"#944046"
"84940662313",5,"#8EB63B"
"79551583332",5,"#8EB63B"
"0003397032",5,"#8EB63B"
"0003668973",5,"#8EB63B"
"0003612445",4,"#944046"
"0004149207",5,"#8EB63B"
"84965103759",5,"#8EB63B"
"84869411336",5,"#8EB63B"
"84938812952",5,"#8EB63B"
"0002591318",5,"#8EB63B"
"50349087557",5,"#8EB63B"
"0000023362",5,"#8EB63B"
"0002892188",5,"#8EB63B"
"0008429360",5,"#8EB63B"
"80855148506",4,"#944046"
"84953308141",5,"#8EB63B"
"33645280660",5,"#8EB63B"
"11244327940",4,"#944046"
"49649111434",5,"#8EB63B"
"0000798871",4,"#944046"
"84875847924",4,"#944046"
"0003488051",4,"#944046"
"85020549739",4,"#944046"
"85098448481",4,"#944046"
"0000103250",4,"#944046"
"84875275808",4,"#944046"
"0001479221",4,"#944046"
"0001410504",4,"#944046"
"0011287779",4,"#944046"
"0000740210",4,"#944046"
"84876102816",4,"#944046"
"0004279274",5,"#8EB63B"
"0001675069",5,"#8EB63B"
"0003356711",5,"#8EB63B"
"0006002426",5,"#8EB63B"
"0043145064",5,"#8EB63B"
"0003596549",4,"#944046"
"0000102556",5,"#8EB63B"
"84996539065",4,"#944046"
"0003829450",5,"#8EB63B"
"0000508160",4,"#944046"
"85053822999",4,"#944046"
"0043098100",5,"#8EB63B"
"0001005675",4,"#944046"
"42749095511",4,"#944046"
"36549025888",4,"#944046"
"85053161333",4,"#944046"
"64549151067",4,"#944046"
"84957589842",4,"#944046"
"0003467392",5,"#8EB63B"
"84894453180",4,"#944046"
"32944474838",4,"#944046"
"84870482912",4,"#944046"
"0004078878",4,"#944046"
"33644664285",4,"#944046"
"0004149217",4,"#944046"
"84921389898",5,"#8EB63B"
"0004052654",5,"#8EB63B"
"45349095595",5,"#8EB63B"
"84922935218",5,"#8EB63B"
"84940644968",4,"#944046"
"0004176485",4,"#944046"
"84936398002",4,"#944046"
"84933000315",4,"#944046"
"0003785833",4,"#944046"
"0001375485",4,"#944046"
"0003484355",4,"#944046"
"17744395740",4,"#944046"
"0001261899",4,"#944046"
"0000897008",4,"#944046"
"85020531862",4,"#944046"
"79951522663",4,"#944046"
"0003757563",4,"#944046"
"0004146634",4,"#944046"
"0003460359",5,"#8EB63B"
"0003740342",4,"#944046"
"0000311751",5,"#8EB63B"
"0003441155",4,"#944046"
"84924437897",4,"#944046"
"0003992949",5,"#8EB63B"
"84870327912",5,"#8EB63B"
"0016136872",5,"#8EB63B"
"0003530017",5,"#8EB63B"
"0004223107",5,"#8EB63B"
"0003379499",5,"#8EB63B"
"0032221027",4,"#944046"
"34548679805",4,"#944046"
"0000705183",4,"#944046"
"84890071592",5,"#8EB63B"
"2442624639",5,"#8EB63B"
"0003804682",5,"#8EB63B"
"78650808650",5,"#8EB63B"
"84876155403",5,"#8EB63B"
"20744460398",5,"#8EB63B"
"0000161636",5,"#8EB63B"
"60950039724",5,"#8EB63B"
"0000961086",5,"#8EB63B"
"0001214721",5,"#8EB63B"
"0013143399",5,"#8EB63B"
"0000433312",5,"#8EB63B"
"33845439546",5,"#8EB63B"
"84881229123",5,"#8EB63B"
"84881234410",5,"#8EB63B"
"0003614273",5,"#8EB63B"
"0042378554",5,"#8EB63B"
"85038238206",5,"#8EB63B"
"1442303505",4,"#944046"
"84977483351",5,"#8EB63B"
"79954580250",4,"#944046"
"85098648905",4,"#944046"
"0004198890",5,"#8EB63B"
"0003962350",5,"#8EB63B"
"0004113842",5,"#8EB63B"
"0006193328",5,"#8EB63B"
"84923999095",4,"#944046"
"0346343567",4,"#944046"
"84865645409",4,"#944046"
"84938747420",4,"#944046"
"62449325345",4,"#944046"
"77957211866",4,"#944046"
"0002717656",5,"#8EB63B"
"0003620880",4,"#944046"
"0001410750",4,"#944046"
"0003751558",4,"#944046"
"84863092413",4,"#944046"
"0003945869",5,"#8EB63B"
"83755169498",4,"#944046"
"84908351062",4,"#944046"
"0003022154",5,"#8EB63B"
"67649671790",4,"#944046"
"84899897627",4,"#944046"
"0003535416",5,"#8EB63B"
"85069166813",4,"#944046"
"0001102269",4,"#944046"
"85082526830",4,"#944046"
"0000342553",4,"#944046"
"85193417216",4,"#944046"
"0034344834",4,"#944046"
"33947535133",4,"#944046"
"68549099568",4,"#944046"
"0004134698",5,"#8EB63B"
"0002945557",4,"#944046"
"0003446197",4,"#944046"
"0003500122",4,"#944046"
"0004264902",4,"#944046"
"0016752446",4,"#944046"
"85050417424",4,"#944046"
"0004008093",4,"#944046"
"84856431726",4,"#944046"
"0004189017",5,"#8EB63B"
"0038882957",5,"#8EB63B"
"0003696589",4,"#944046"
"0003547856",5,"#8EB63B"
"0003435253",5,"#8EB63B"
"0003995062",5,"#8EB63B"
"0442267478",4,"#944046"
"79952468152",4,"#944046"
"0004095302",5,"#8EB63B"
"0003568880",5,"#8EB63B"
"0004207606",4,"#944046"
"0002040788",4,"#944046"
"84991820981",5,"#8EB63B"
"33845243362",5,"#8EB63B"
"0037159541",4,"#944046"
"0003437208",4,"#944046"
"24944444350",5,"#8EB63B"
"85131495937",5,"#8EB63B"
"0012771572",5,"#8EB63B"
"62749158618",5,"#8EB63B"
"0003604090",4,"#944046"
"84966158827",5,"#8EB63B"
"0032555135",4,"#944046"
"0003918633",5,"#8EB63B"
"0003941317",5,"#8EB63B"
"0003681099",5,"#8EB63B"
"37249030834",5,"#8EB63B"
"33845733408",5,"#8EB63B"
"0014830535",5,"#8EB63B"
"33748498919",5,"#8EB63B"
"0008362427",5,"#8EB63B"
"0029661332",4,"#944046"
"84989784453",4,"#944046"
"0003734936",5,"#8EB63B"
"0003528701",4,"#944046"
"85036595697",4,"#944046"
"85020058963",4,"#944046"
"79959426302",4,"#944046"
"85023190025",4,"#944046"
"85070249767",4,"#944046"
"84876183644",5,"#8EB63B"
"85063590164",4,"#944046"
"84979532420",4,"#944046"
"0000618308",4,"#944046"
"0004275792",5,"#8EB63B"
"0003834965",5,"#8EB63B"
"84923937773",4,"#944046"
"0004226825",5,"#8EB63B"
"79952740846",4,"#944046"
"84891958464",4,"#944046"
"1842864894",5,"#8EB63B"
"0003432370",5,"#8EB63B"
"0004064549",4,"#944046"
"53149135429",4,"#944046"
"84912035980",4,"#944046"
"73449116761",4,"#944046"
"0010626485",5,"#8EB63B"
"0004286324",5,"#8EB63B"
"36749002156",5,"#8EB63B"
"0001771498",5,"#8EB63B"
"84907924367",4,"#944046"
"0003339624",4,"#944046"
"84879557163",4,"#944046"
"84926280632",4,"#944046"
"84976608921",4,"#944046"
"0001146378",4,"#944046"
"0003609438",4,"#944046"
"85030773142",4,"#944046"
"54249116230",4,"#944046"
"0003842120",4,"#944046"
"0001028618",4,"#944046"
"0003999962",4,"#944046"
"4143126973",4,"#944046"
"0001742381",5,"#8EB63B"
"84924503282",5,"#8EB63B"
"0003880824",5,"#8EB63B"
"84863473469",4,"#944046"
"0002414229",5,"#8EB63B"
"0016948894",5,"#8EB63B"
"0028178649",5,"#8EB63B"
"0004287950",5,"#8EB63B"
"4243275065",5,"#8EB63B"
"0042734269",5,"#8EB63B"
"0004229975",5,"#8EB63B"
"0004085058",5,"#8EB63B"
"0002957813",5,"#8EB63B"
"0000000730",5,"#8EB63B"
"0003942801",5,"#8EB63B"
"0000267002",5,"#8EB63B"
"33847225317",5,"#8EB63B"
"85045014889",5,"#8EB63B"
"84957970989",5,"#8EB63B"
"1542526096",5,"#8EB63B"
"84925213061",5,"#8EB63B"
"12044254037",5,"#8EB63B"
"0017771466",5,"#8EB63B"
"0000298123",4,"#944046"
"84922952455",4,"#944046"
"85051013969",5,"#8EB63B"
"84929748498",4,"#944046"
"84928372031",5,"#8EB63B"
"0004001996",4,"#944046"
"0019480612",5,"#8EB63B"
"0004245022",4,"#944046"
"0001634632",5,"#8EB63B"
"0037452939",4,"#944046"
"0002230120",4,"#944046"
"0242268535",4,"#944046"
"0037049973",4,"#944046"
"0004291677",5,"#8EB63B"
"0013770258",5,"#8EB63B"
"0347043608",4,"#944046"
"34147107402",4,"#944046"
"27644522801",5,"#8EB63B"
"33847019914",5,"#8EB63B"
"62649159402",4,"#944046"
"0037772374",4,"#944046"
"0003553364",5,"#8EB63B"
"84963522647",4,"#944046"
"0003696915",5,"#8EB63B"
"84922231667",4,"#944046"
"0013037428",4,"#944046"
"44949105867",4,"#944046"
"0037775212",4,"#944046"
"33751522709",4,"#944046"
"84906264204",4,"#944046"
"0004210529",4,"#944046"
"84941961263",4,"#944046"
"0003651732",4,"#944046"
"0003941591",4,"#944046"
"84856681654",4,"#944046"
"0003528702",4,"#944046"
"84867897644",5,"#8EB63B"
"84922954353",4,"#944046"
"0003044561",4,"#944046"
"0001553024",4,"#944046"
"34247501402",4,"#944046"
"84977316508",4,"#944046"
"85083544201",4,"#944046"
"34250709215",5,"#8EB63B"
"0041638585",5,"#8EB63B"
"0003583653",4,"#944046"
"0003719068",4,"#944046"
"85059963557",4,"#944046"
"78650049713",5,"#8EB63B"
"84921389911",5,"#8EB63B"
"58149215957",5,"#8EB63B"
"0023511236",5,"#8EB63B"
"84926469971",4,"#944046"
"0026565107",5,"#8EB63B"
"0004235189",5,"#8EB63B"
"0002027029",5,"#8EB63B"
"84971149164",5,"#8EB63B"
"0003555131",5,"#8EB63B"
"0542432939",5,"#8EB63B"
"0003659345",5,"#8EB63B"
"0024964245",5,"#8EB63B"
"0020454717",5,"#8EB63B"
"84866337080",5,"#8EB63B"
"84904185169",5,"#8EB63B"
"0003896184",4,"#944046"
"0000172513",5,"#8EB63B"
"0001843628",5,"#8EB63B"
"0002360705",4,"#944046"
"0004238390",5,"#8EB63B"
"0000523231",5,"#8EB63B"
"0003752723",5,"#8EB63B"
"84996903486",5,"#8EB63B"
"0001376193",5,"#8EB63B"
"0002997690",5,"#8EB63B"
"0000036367",5,"#8EB63B"
"0001188349",5,"#8EB63B"
"84928269430",5,"#8EB63B"
"84963103559",5,"#8EB63B"
"0022838376",5,"#8EB63B"
"84890660025",5,"#8EB63B"
"3042750437",5,"#8EB63B"
"0004114078",5,"#8EB63B"
"0000314099",5,"#8EB63B"
"12444335807",4,"#944046"
"33744745579",4,"#944046"
"0348008762",4,"#944046"
"84925444311",4,"#944046"
"0006137259",4,"#944046"
"23344450191",4,"#944046"
"84895570190",4,"#944046"
"0035529861",4,"#944046"
"0141605016",4,"#944046"
"84894343182",4,"#944046"
"3042670082",4,"#944046"
"33748456391",4,"#944046"
"0033578003",4,"#944046"
"0007040754",5,"#8EB63B"
"84892984394",5,"#8EB63B"
"79955645321",5,"#8EB63B"
"0004236135",5,"#8EB63B"
"84889281816",4,"#944046"
"0002361483",4,"#944046"
"78650090438",5,"#8EB63B"
"84905754624",5,"#8EB63B"
"0004293523",5,"#8EB63B"
"0033120616",5,"#8EB63B"
"0031789482",4,"#944046"
"77955838106",4,"#944046"
"33745496132",4,"#944046"
"0010186742",4,"#944046"
"56849107908",4,"#944046"
"41149092794",4,"#944046"
"84922964244",4,"#944046"
"40749090397",4,"#944046"
"77049161520",4,"#944046"
"84861957439",5,"#8EB63B"
"85025611035",5,"#8EB63B"
"37149057137",4,"#944046"
"78650129138",4,"#944046"
"32044434417",4,"#944046"
"0034925876",5,"#8EB63B"
"77956167704",5,"#8EB63B"
"84945261507",5,"#8EB63B"
"0024252125",5,"#8EB63B"
"0003895111",4,"#944046"
"36148997648",4,"#944046"
"33847790997",5,"#8EB63B"
"84959798530",5,"#8EB63B"
"0003804679",5,"#8EB63B"
"0003393452",5,"#8EB63B"
"0003633976",5,"#8EB63B"
"33847193251",5,"#8EB63B"
"0007130202",5,"#8EB63B"
"0035650336",4,"#944046"
"33745188236",4,"#944046"
"19944400150",4,"#944046"
"84895582582",4,"#944046"
"62149099213",4,"#944046"
"0003906715",5,"#8EB63B"
"0013112994",4,"#944046"
"0002101626",4,"#944046"
"33745186901",4,"#944046"
"84961623445",4,"#944046"
"0003793394",5,"#8EB63B"
"84856165328",4,"#944046"
"77955374242",5,"#8EB63B"
"0004047542",4,"#944046"
"0038732941",4,"#944046"
"0003943906",4,"#944046"
"53349135003",4,"#944046"
"0002224909",5,"#8EB63B"
"0004046696",5,"#8EB63B"
"84924137890",5,"#8EB63B"
"0001360887",5,"#8EB63B"
"30444444066",5,"#8EB63B"
"84884079276",5,"#8EB63B"
"0003943719",4,"#944046"
"36448998184",5,"#8EB63B"
"0004110194",5,"#8EB63B"
"0001496019",5,"#8EB63B"
"84922008343",5,"#8EB63B"
"85040297511",4,"#944046"
"0004263661",4,"#944046"
"13444311847",4,"#944046"
"85035767657",4,"#944046"
"0000461315",4,"#944046"
"0004205417",4,"#944046"
"0010232262",5,"#8EB63B"
"0004120906",4,"#944046"
"0002448776",4,"#944046"
"78649923390",4,"#944046"
"7644238181",5,"#8EB63B"
"0004151260",4,"#944046"
"84874264355",5,"#8EB63B"
"0003496437",5,"#8EB63B"
"35348968286",5,"#8EB63B"
"0033839526",4,"#944046"
"0003453618",4,"#944046"
"0003737454",4,"#944046"
"0348134689",4,"#944046"
"0003481841",4,"#944046"
"84978371778",4,"#944046"
"0003631263",4,"#944046"
"47249164008",4,"#944046"
"57649181464",5,"#8EB63B"
"0000296497",5,"#8EB63B"
"0004133967",5,"#8EB63B"
"84938898766",4,"#944046"
"84881595486",5,"#8EB63B"
"0004113236",5,"#8EB63B"
"0003696334",5,"#8EB63B"
"0003457150",5,"#8EB63B"
"85163169203",4,"#944046"
"71249134942",5,"#8EB63B"
"51149203927",4,"#944046"
"60950329926",5,"#8EB63B"
"48949093147",5,"#8EB63B"
"0002471463",4,"#944046"
"85020492548",4,"#944046"
"0001685234",4,"#944046"
"85026458625",4,"#944046"
"21444433136",4,"#944046"
"35448962735",4,"#944046"
"33847229194",5,"#8EB63B"
"85047520277",5,"#8EB63B"
"20744442467",5,"#8EB63B"
"84890987894",5,"#8EB63B"
"0142114095",5,"#8EB63B"
"84925921013",5,"#8EB63B"
"0004275113",5,"#8EB63B"
"0003528579",4,"#944046"
"84954371516",4,"#944046"
"84871704711",4,"#944046"
"84893349575",4,"#944046"
"0013286507",4,"#944046"
"84927165452",4,"#944046"
"84890868523",4,"#944046"
"0004023814",4,"#944046"
"0004039596",5,"#8EB63B"
"0003891690",5,"#8EB63B"
"0001930521",5,"#8EB63B"
"0003809032",5,"#8EB63B"
"58549116944",4,"#944046"
"0020402387",4,"#944046"
"0021074544",5,"#8EB63B"
"0004270927",4,"#944046"
"0001820048",4,"#944046"
"60950090490",4,"#944046"
"0003884211",5,"#8EB63B"
"33751524084",5,"#8EB63B"
"36148995068",4,"#944046"
"84886640909",4,"#944046"
"0001155385",5,"#8EB63B"
"0001353789",5,"#8EB63B"
"0004034745",5,"#8EB63B"
"0344941648",5,"#8EB63B"
"0018692402",5,"#8EB63B"
"0003401433",5,"#8EB63B"
"0006065591",5,"#8EB63B"
"0008462624",5,"#8EB63B"
"0032425770",5,"#8EB63B"
"0003932298",4,"#944046"
"0000907353",5,"#8EB63B"
"84979971123",4,"#944046"
"0003913385",4,"#944046"
"84968054140",5,"#8EB63B"
"1642326753",5,"#8EB63B"
"67651181109",4,"#944046"
"0003800456",4,"#944046"
"0141594724",4,"#944046"
"61849126359",5,"#8EB63B"
"0003575357",5,"#8EB63B"
"0039088394",4,"#944046"
"34247479359",4,"#944046"
"0026282736",4,"#944046"
"0004119268",4,"#944046"
"43749107081",4,"#944046"
"84921131036",5,"#8EB63B"
"0012581313",5,"#8EB63B"
"34249034031",4,"#944046"
"84924620940",4,"#944046"
"84945665578",4,"#944046"
"0000995843",4,"#944046"
"0025492271",4,"#944046"
"75849154522",4,"#944046"
"85055279935",4,"#944046"
"77249165092",4,"#944046"
"0039126558",4,"#944046"
"0005925633",4,"#944046"
"28244490466",4,"#944046"
"0034493580",4,"#944046"
"84945329741",5,"#8EB63B"
"84963040886",5,"#8EB63B"
"84926105993",5,"#8EB63B"
"84872566721",4,"#944046"
"85053519379",4,"#944046"
"67649653956",4,"#944046"
"75549090229",4,"#944046"
"0001260103",4,"#944046"
"84859749229",5,"#8EB63B"
"32444446240",4,"#944046"
"37749028324",5,"#8EB63B"
"0042703673",5,"#8EB63B"
"0003810817",4,"#944046"
"0028987952",5,"#8EB63B"
"0035881388",4,"#944046"
"0024117869",4,"#944046"
"84859143020",4,"#944046"
"0003457667",4,"#944046"
"0020326402",4,"#944046"
"84909358155",4,"#944046"
"47649119279",4,"#944046"
"84945669237",4,"#944046"
"0003783807",5,"#8EB63B"
"0003769663",5,"#8EB63B"
"0034779872",4,"#944046"
"85042775702",4,"#944046"
"0001617087",4,"#944046"
"0002037156",4,"#944046"
"0003694798",5,"#8EB63B"
"0003636712",4,"#944046"
"84949316698",4,"#944046"
"33847658745",4,"#944046"
"0012924871",4,"#944046"
"0038135933",4,"#944046"
"0002625924",4,"#944046"
"80051502638",4,"#944046"
"0003426066",4,"#944046"
"0042382739",4,"#944046"
"84941772703",4,"#944046"
"61149230995",5,"#8EB63B"
"3843064285",4,"#944046"
"0002773406",4,"#944046"
"34547396004",5,"#8EB63B"
"0000638947",4,"#944046"
"33751522103",4,"#944046"
"0003707485",4,"#944046"
"0001856692",4,"#944046"
"0001893409",4,"#944046"
"84989996303",4,"#944046"
"0242468431",4,"#944046"
"79251490277",5,"#8EB63B"
"84860511582",5,"#8EB63B"
"33947394007",5,"#8EB63B"
"0031418099",4,"#944046"
"0030161750",4,"#944046"
"0002883610",4,"#944046"
"0003394972",5,"#8EB63B"
"84954811589",4,"#944046"
"0003490497",5,"#8EB63B"
"0003989907",5,"#8EB63B"
"0003588005",4,"#944046"
"0004159834",5,"#8EB63B"
"0000466965",5,"#8EB63B"
"0004271399",4,"#944046"
"84921943298",5,"#8EB63B"
"0003701059",5,"#8EB63B"
"0004087796",4,"#944046"
"60849126104",4,"#944046"
"0042378560",5,"#8EB63B"
"84896720323",5,"#8EB63B"
"84925891542",5,"#8EB63B"
"84957582846",5,"#8EB63B"
"0031284544",4,"#944046"
"0003763968",5,"#8EB63B"
"0004075481",5,"#8EB63B"
"0003748397",5,"#8EB63B"
"0001762011",5,"#8EB63B"
"0342997410",5,"#8EB63B"
"0041679282",5,"#8EB63B"
"0003485236",5,"#8EB63B"
"0018010981",5,"#8EB63B"
"33751534069",5,"#8EB63B"
"0003774595",4,"#944046"
"0004110659",4,"#944046"
"20344398964",5,"#8EB63B"
"0000082907",5,"#8EB63B"
"34547423077",5,"#8EB63B"
"0002022876",4,"#944046"
"0004174066",5,"#8EB63B"
"84936824515",5,"#8EB63B"
"85213568728",4,"#944046"
"0004213512",4,"#944046"
"0004088235",4,"#944046"
"79955024877",4,"#944046"
"0028181948",5,"#8EB63B"
"85202425069",5,"#8EB63B"
"85040890266",5,"#8EB63B"
"84897148366",4,"#944046"
"50849117818",4,"#944046"
"0000477047",5,"#8EB63B"
"33751313315",4,"#944046"
"78650336375",5,"#8EB63B"
"33845515915",4,"#944046"
"0008492559",4,"#944046"
"0001125441",4,"#944046"
"0004208706",4,"#944046"
"0003837238",5,"#8EB63B"
"0003643654",4,"#944046"
"0029768228",4,"#944046"
"84863442553",4,"#944046"
"0003794672",5,"#8EB63B"
"0000790263",4,"#944046"
"84953296993",5,"#8EB63B"
"77957135953",4,"#944046"
"0004210158",4,"#944046"
"80255124881",4,"#944046"
"3242708571",4,"#944046"
"0000733534",4,"#944046"
"84921597841",4,"#944046"
"84971109236",4,"#944046"
"0001350294",4,"#944046"
"0003785662",4,"#944046"
"0000624328",4,"#944046"
"0003437229",4,"#944046"
"9644304840",4,"#944046"
"84913593051",4,"#944046"
"0004256058",4,"#944046"
"0028179028",4,"#944046"
"85133871662",4,"#944046"
"0004104697",5,"#8EB63B"
"0001597149",4,"#944046"
"0003470431",5,"#8EB63B"
"0001824940",5,"#8EB63B"
"0034038591",4,"#944046"
"84922057939",4,"#944046"
"0003931304",4,"#944046"
"0018050763",4,"#944046"
"85024477197",4,"#944046"
"0003541293",4,"#944046"
"0004133776",4,"#944046"
"33746134363",4,"#944046"
"35348878751",5,"#8EB63B"
"84953393475",5,"#8EB63B"
"35348930404",5,"#8EB63B"
"0031458653",5,"#8EB63B"
"84855525481",5,"#8EB63B"
"78649978073",4,"#944046"
"0003568052",4,"#944046"
"70449209123",4,"#944046"
"0003035302",4,"#944046"
"70449876423",4,"#944046"
"0000988812",4,"#944046"
"0009641412",4,"#944046"
"0003414163",4,"#944046"
"0002181208",4,"#944046"
"0003602902",5,"#8EB63B"
"0004252071",5,"#8EB63B"
"0003651207",5,"#8EB63B"
"0010290281",4,"#944046"
"36549087172",4,"#944046"
"0034799066",4,"#944046"
"0001738021",4,"#944046"
"0001271789",5,"#8EB63B"
"0025300402",5,"#8EB63B"
"0003626641",5,"#8EB63B"
"0000296665",5,"#8EB63B"
"80053089880",5,"#8EB63B"
"70450198094",5,"#8EB63B"
"33947397595",5,"#8EB63B"
"12844259082",5,"#8EB63B"
"46149093073",5,"#8EB63B"
"84929718031",5,"#8EB63B"
"0014421064",5,"#8EB63B"
"0028581224",5,"#8EB63B"
"0029750373",5,"#8EB63B"
"0004187529",4,"#944046"
"0002748590",5,"#8EB63B"
"85124609963",5,"#8EB63B"
"0004268348",5,"#8EB63B"
"0004246689",4,"#944046"
"0001958326",5,"#8EB63B"
"0013770278",5,"#8EB63B"
"0004163157",5,"#8EB63B"
"67651156328",4,"#944046"
"0003792794",5,"#8EB63B"
"79251501690",5,"#8EB63B"
"0004039907",5,"#8EB63B"
"26944475159",4,"#944046"
"0009098262",5,"#8EB63B"
"14844307139",4,"#944046"
"0004066373",5,"#8EB63B"
"34547432163",5,"#8EB63B"
"0004235188",5,"#8EB63B"
"0004164231",4,"#944046"
"84862276328",5,"#8EB63B"
"0032738801",5,"#8EB63B"
"54849411047",5,"#8EB63B"
"0004123735",5,"#8EB63B"
"0032541570",4,"#944046"
"0003647239",5,"#8EB63B"
"0004018045",4,"#944046"
"0003406357",5,"#8EB63B"
"23944443282",4,"#944046"
"0001122210",4,"#944046"
"84862978496",4,"#944046"
"34447341188",4,"#944046"
"0039891828",4,"#944046"
"0002590912",4,"#944046"
"84928279660",4,"#944046"
"0003948869",4,"#944046"
"84907471303",5,"#8EB63B"
"0002551548",5,"#8EB63B"
"0001198329",5,"#8EB63B"
"0000550254",5,"#8EB63B"
"33747245030",5,"#8EB63B"
"0000773259",5,"#8EB63B"
"0004206066",5,"#8EB63B"
"0000969425",5,"#8EB63B"
"0002016726",5,"#8EB63B"
"0003756180",5,"#8EB63B"
"0002983450",5,"#8EB63B"
"84959755121",5,"#8EB63B"
"0003891643",4,"#944046"
"0000930435",4,"#944046"
"48349088565",4,"#944046"
"84959416831",4,"#944046"
"0347623116",4,"#944046"
"0004141128",4,"#944046"
"34249975442",4,"#944046"
"0000777476",4,"#944046"
"0001751790",4,"#944046"
"0003846733",5,"#8EB63B"
"0004202966",5,"#8EB63B"
"0021536037",5,"#8EB63B"
"77956980832",5,"#8EB63B"
"0001535842",5,"#8EB63B"
"0007140719",5,"#8EB63B"
"0004173912",4,"#944046"
"0003502384",4,"#944046"
"0002431935",4,"#944046"
"84974133520",4,"#944046"
"84855454549",4,"#944046"
"0031263380",4,"#944046"
"0004254976",4,"#944046"
"0000545445",5,"#8EB63B"
"0004160847",5,"#8EB63B"
"28444434209",4,"#944046"
"0004279699",4,"#944046"
"0004007282",4,"#944046"
"0003475497",4,"#944046"
"0003917501",4,"#944046"
"0001864866",4,"#944046"
"0001076372",4,"#944046"
"0002077599",5,"#8EB63B"
"0001947599",5,"#8EB63B"
"0003576417",5,"#8EB63B"
"0003398906",5,"#8EB63B"
"22344445163",4,"#944046"
"0003893584",4,"#944046"
"0016160841",4,"#944046"
"0004018184",5,"#8EB63B"
"0003867942",5,"#8EB63B"
"0003869664",4,"#944046"
"0016264378",4,"#944046"
"34250829264",5,"#8EB63B"
"0023778011",5,"#8EB63B"
"0003747799",5,"#8EB63B"
"0004287113",5,"#8EB63B"
"84971185409",5,"#8EB63B"
"0003961628",5,"#8EB63B"
"84923206551",4,"#944046"
"0004069985",4,"#944046"
"0003547439",5,"#8EB63B"
"0038752303",4,"#944046"
"0003432081",5,"#8EB63B"
"0004224763",4,"#944046"
"0004124452",5,"#8EB63B"
"0003780116",4,"#944046"
"0004062081",5,"#8EB63B"
"0003445619",5,"#8EB63B"
"0003487821",5,"#8EB63B"
"0004213215",5,"#8EB63B"
"72749115958",5,"#8EB63B"
"0003808102",5,"#8EB63B"
"0000030127",5,"#8EB63B"
"0032802609",4,"#944046"
"0442265752",4,"#944046"
"84989412861",5,"#8EB63B"
"0003934790",5,"#8EB63B"
"67651021172",5,"#8EB63B"
"0003540899",4,"#944046"
"68049107038",4,"#944046"
"0004295054",5,"#8EB63B"
"0003740191",4,"#944046"
"0004048289",4,"#944046"
"15244345464",5,"#8EB63B"
"0002479337",5,"#8EB63B"
"0003577655",4,"#944046"
"0004645478",5,"#8EB63B"
"0004040027",5,"#8EB63B"
"0003989431",4,"#944046"
"0000260470",4,"#944046"
"0004104566",4,"#944046"
"0003893047",5,"#8EB63B"
"0001005776",4,"#944046"
"0004268076",5,"#8EB63B"
"0003858633",5,"#8EB63B"
"0002707747",5,"#8EB63B"
"0000356439",5,"#8EB63B"
"84924704709",5,"#8EB63B"
"23044523909",4,"#944046"
"0038816583",4,"#944046"
"0014684371",5,"#8EB63B"
"58749112734",5,"#8EB63B"
"28844496130",5,"#8EB63B"
"84890290472",5,"#8EB63B"
"85032131319",5,"#8EB63B"
"0001575260",5,"#8EB63B"
"0016656592",5,"#8EB63B"
"0004053815",4,"#944046"
"0003711593",4,"#944046"
"0004308249",4,"#944046"
"0004043301",5,"#8EB63B"
"34548719708",5,"#8EB63B"
"0003528640",5,"#8EB63B"
"4243773720",4,"#944046"
"0041884892",5,"#8EB63B"
"0003763466",5,"#8EB63B"
"0002175468",5,"#8EB63B"
"0027801886",5,"#8EB63B"
"0004206243",5,"#8EB63B"
"0004281414",5,"#8EB63B"
"0004064892",5,"#8EB63B"
"0003741625",5,"#8EB63B"
"0000841452",5,"#8EB63B"
"0022204866",5,"#8EB63B"
"0004163831",5,"#8EB63B"
"0003896115",4,"#944046"
"0004229671",4,"#944046"
"0000676122",4,"#944046"
"0004146971",4,"#944046"
"0004178922",5,"#8EB63B"
"0004168761",5,"#8EB63B"
"20744451770",5,"#8EB63B"
"0004187130",5,"#8EB63B"
"0003699334",5,"#8EB63B"
"0003796679",5,"#8EB63B"
"77249148926",5,"#8EB63B"
"0001690283",4,"#944046"
"0003991673",5,"#8EB63B"
"0001105062",5,"#8EB63B"
"77149143915",5,"#8EB63B"
"2342616614",5,"#8EB63B"
"0004156293",5,"#8EB63B"
"0003178902",5,"#8EB63B"
"33745977854",4,"#944046"
"0024651729",4,"#944046"
"0004068679",4,"#944046"
"85026206870",4,"#944046"
"80051801494",5,"#8EB63B"
"0003720059",5,"#8EB63B"
"0001921913",5,"#8EB63B"
"0011125621",5,"#8EB63B"
"0030844574",5,"#8EB63B"
"0003393251",5,"#8EB63B"
"0003854058",5,"#8EB63B"
"0002961249",4,"#944046"
"0031420798",4,"#944046"
"0003685012",4,"#944046"
"0031582708",5,"#8EB63B"
"0040222792",5,"#8EB63B"
"0004202581",5,"#8EB63B"
"0002881863",4,"#944046"
"0003993428",5,"#8EB63B"
"0011350204",5,"#8EB63B"
"0004004488",5,"#8EB63B"
"0003871583",5,"#8EB63B"
"0000926458",5,"#8EB63B"
"0004006454",5,"#8EB63B"
"0003960921",5,"#8EB63B"
"0003022805",4,"#944046"
"0003688612",4,"#944046"
"33644700003",5,"#8EB63B"
"0033603539",5,"#8EB63B"
"52949086982",5,"#8EB63B"
"0003768085",4,"#944046"
"0002107944",5,"#8EB63B"
"0000305961",5,"#8EB63B"
"0004147810",5,"#8EB63B"
"84972048145",5,"#8EB63B"
"0001987285",5,"#8EB63B"
"0004081863",5,"#8EB63B"
"0003760939",5,"#8EB63B"
"0024280650",5,"#8EB63B"
"33847717429",4,"#944046"
"79952623983",5,"#8EB63B"
"0014955324",5,"#8EB63B"
"0003515296",4,"#944046"
"84940517618",4,"#944046"
"0001475179",5,"#8EB63B"
"19944416334",5,"#8EB63B"
"71649101146",5,"#8EB63B"
"36749048362",5,"#8EB63B"
"0003577985",5,"#8EB63B"
"84959851685",5,"#8EB63B"
"0004232682",5,"#8EB63B"
"0001151063",5,"#8EB63B"
"0003694438",5,"#8EB63B"
"0001577949",5,"#8EB63B"
"0003608557",5,"#8EB63B"
"0004217850",5,"#8EB63B"
"0000488406",5,"#8EB63B"
"0003788870",5,"#8EB63B"
"34250419492",4,"#944046"
"0000277589",4,"#944046"
"0035819418",5,"#8EB63B"
"84920379618",4,"#944046"
"84972102694",5,"#8EB63B"
"0025662627",4,"#944046"
"35448936976",4,"#944046"
"0032605312",4,"#944046"
"84943229730",4,"#944046"
"66049089612",5,"#8EB63B"
"0037385025",4,"#944046"
"0020686827",4,"#944046"
"0346924341",4,"#944046"
"84931336421",5,"#8EB63B"
"0000802969",5,"#8EB63B"
"0020869892",5,"#8EB63B"
"0000718967",5,"#8EB63B"
"84959788761",5,"#8EB63B"
"33750810896",5,"#8EB63B"
"0000013908",5,"#8EB63B"
"0003667355",4,"#944046"
"0003600614",4,"#944046"
"0004276401",4,"#944046"
"0025330346",4,"#944046"
"0001740393",4,"#944046"
"77951765145",5,"#8EB63B"
"1642308960",5,"#8EB63B"
"0004251932",5,"#8EB63B"
"0002729243",5,"#8EB63B"
"0015330403",5,"#8EB63B"
"0035339191",4,"#944046"
"0022180244",5,"#8EB63B"
"85057472340",4,"#944046"
"0003961417",4,"#944046"
"0003860985",5,"#8EB63B"
"0038211668",5,"#8EB63B"
"0041078272",5,"#8EB63B"
"84959806898",5,"#8EB63B"
"0004274568",5,"#8EB63B"
"0001977685",4,"#944046"
"0004178163",4,"#944046"
"0035564409",4,"#944046"
"0003927235",4,"#944046"
"0003532627",5,"#8EB63B"
"0029706106",5,"#8EB63B"
"79960269947",5,"#8EB63B"
"0033594521",5,"#8EB63B"
"34250747359",5,"#8EB63B"
"0029706136",5,"#8EB63B"
"0004184271",5,"#8EB63B"
"0348061062",5,"#8EB63B"
"0003644303",4,"#944046"
"84940200951",5,"#8EB63B"
"0003060879",5,"#8EB63B"
"0003748669",5,"#8EB63B"
"0003578679",5,"#8EB63B"
"20444469657",5,"#8EB63B"
"0029023813",5,"#8EB63B"
"62449101128",5,"#8EB63B"
"0036392087",5,"#8EB63B"
"1842862812",5,"#8EB63B"
"0010290279",4,"#944046"
"84929774046",4,"#944046"
"84874479799",5,"#8EB63B"
"0003874928",4,"#944046"
"8644248023",5,"#8EB63B"
"0034731032",5,"#8EB63B"
"84963102759",5,"#8EB63B"
"24944567953",4,"#944046"
"0003858401",4,"#944046"
"0003792728",5,"#8EB63B"
"0001049936",5,"#8EB63B"
"0003851228",4,"#944046"
"0035870279",4,"#944046"
"2442622360",4,"#944046"
"0013688768",5,"#8EB63B"
"0037693966",4,"#944046"
"0003438230",5,"#8EB63B"
"0010637654",5,"#8EB63B"
"0040176028",4,"#944046"
"79960703837",4,"#944046"
"0031748359",4,"#944046"
"12344331136",5,"#8EB63B"
"0034682335",5,"#8EB63B"
"84902607340",4,"#944046"
"0014937223",4,"#944046"
"0004017933",5,"#8EB63B"
"0003474814",5,"#8EB63B"
"0004305444",5,"#8EB63B"
"0003393067",5,"#8EB63B"
"0022729337",4,"#944046"
"0010726339",4,"#944046"
"72149131108",4,"#944046"
"0024870633",4,"#944046"
"33746673633",5,"#8EB63B"
"0004036445",5,"#8EB63B"
"0014219333",5,"#8EB63B"
"0004277855",5,"#8EB63B"
"0019989720",5,"#8EB63B"
"0034663609",4,"#944046"
"0036905397",4,"#944046"
"0037384937",4,"#944046"
"0000692309",5,"#8EB63B"
"79957986397",5,"#8EB63B"
"71649083001",5,"#8EB63B"
"9444295241",5,"#8EB63B"
"0023647382",5,"#8EB63B"
"0004203010",5,"#8EB63B"
"0004188345",4,"#944046"
"0033621138",4,"#944046"
"0004260269",4,"#944046"
"0003749261",4,"#944046"
"84856043672",4,"#944046"
"0003397751",4,"#944046"
"0004165888",4,"#944046"
"0030454097",4,"#944046"
"0000145115",5,"#8EB63B"
"0003474879",5,"#8EB63B"
"0003866685",5,"#8EB63B"
"0004241094",4,"#944046"
"0002222865",5,"#8EB63B"
"0029023814",5,"#8EB63B"
"0004271748",4,"#944046"
"75949153824",5,"#8EB63B"
"0000475648",5,"#8EB63B"
"0019029068",5,"#8EB63B"
"0004079429",5,"#8EB63B"
"0005997926",4,"#944046"
"0002141435",4,"#944046"
"0003831870",5,"#8EB63B"
"0003498586",4,"#944046"
"0004178570",5,"#8EB63B"
"0003751736",5,"#8EB63B"
"0014913724",5,"#8EB63B"
"0030048999",4,"#944046"
"0000930018",5,"#8EB63B"
"0003422684",5,"#8EB63B"
"0040533465",5,"#8EB63B"
"0001064850",5,"#8EB63B"
"0004030131",4,"#944046"
"0000861070",4,"#944046"
"0003035829",4,"#944046"
"0003925318",4,"#944046"
"0004233463",4,"#944046"
"0003455627",4,"#944046"
"70449515444",5,"#8EB63B"
"0003521639",4,"#944046"
"0036407157",5,"#8EB63B"
"0036898759",5,"#8EB63B"
"0002403043",5,"#8EB63B"
"0003880161",4,"#944046"
"1842472265",4,"#944046"
"0011266646",5,"#8EB63B"
"0003569397",5,"#8EB63B"
"0003687747",4,"#944046"
"84989466074",5,"#8EB63B"
"0002751551",5,"#8EB63B"
"0001562252",5,"#8EB63B"
"0000572762",5,"#8EB63B"
"0001844436",4,"#944046"
"0003448676",5,"#8EB63B"
"0004069901",5,"#8EB63B"
"0000633676",5,"#8EB63B"
"0003691785",5,"#8EB63B"
"0003929763",5,"#8EB63B"
"0003860257",5,"#8EB63B"
"0020398451",5,"#8EB63B"
"0025658877",5,"#8EB63B"
"0003859002",4,"#944046"
"0003799915",5,"#8EB63B"
"0001522430",4,"#944046"
"0004051584",5,"#8EB63B"
"0003419034",5,"#8EB63B"
"0003527115",5,"#8EB63B"
"0012716777",5,"#8EB63B"
"0003979290",5,"#8EB63B"
"0003470046",5,"#8EB63B"
"0003438794",4,"#944046"
"0008797658",5,"#8EB63B"
"34250100785",5,"#8EB63B"
"0004288109",5,"#8EB63B"
"0005696254",5,"#8EB63B"
"0003601219",5,"#8EB63B"
"0003822522",5,"#8EB63B"
"0003597440",5,"#8EB63B"
"0001458537",5,"#8EB63B"
"0000055590",5,"#8EB63B"
"0005926649",5,"#8EB63B"
"0003746531",4,"#944046"
"0034231327",4,"#944046"
"0003429432",5,"#8EB63B"
"0010885546",5,"#8EB63B"
"0004161153",5,"#8EB63B"
"0004206241",5,"#8EB63B"
"0003458407",5,"#8EB63B"
"0002254362",5,"#8EB63B"
"0003903963",5,"#8EB63B"
"0004247104",4,"#944046"
"0019416855",5,"#8EB63B"
"0003890226",5,"#8EB63B"
"0003625869",5,"#8EB63B"
"0001525933",5,"#8EB63B"
"0003881083",4,"#944046"
"0004261912",5,"#8EB63B"
"0004120648",4,"#944046"
"0004246255",4,"#944046"
"0006914816",4,"#944046"
"0010928444",4,"#944046"
"0024905266",4,"#944046"
"0003982758",5,"#8EB63B"
"0004241533",4,"#944046"
"0003093770",5,"#8EB63B"
"0020924704",5,"#8EB63B"
"0001094315",5,"#8EB63B"
"0021560093",5,"#8EB63B"
"0004110029",5,"#8EB63B"
"34250123902",4,"#944046"
"0017291783",5,"#8EB63B"
"0017391782",5,"#8EB63B"
"84928076037",5,"#8EB63B"
"0003418142",5,"#8EB63B"
"0020185689",5,"#8EB63B"
"85040138755",4,"#944046"
"2342453101",5,"#8EB63B"
"0342996752",5,"#8EB63B"
"84882871783",5,"#8EB63B"
"33746881271",4,"#944046"
